usid,format_complete,readable,customer_speak,small,independent,word_sparse,sentence_sparse,easy_language,comp_total,expert_rating
P1-5,0.0,0.16555555555555557,0.6764705882352942,0.0,0.2034105267064804,0.0,-0.0,0.2826086956521739,1.0454366704973301,
P1-1,0.0,0.10583333333333333,1.0,0.0,0.6859256283630741,0.0,0.0,0.3333333333333333,1.7917589616964076,
P1-4,0.0,0.0,1.0,0.0,0.22443796991195686,0.15384615384615385,0.5,0.0,1.8782841237581107,
P1-3,0.0,0.0,1.0,0.0,0.19168535730828307,0.07692307692307693,1.0,0.0,2.2686084342313597,
P1-2,0.0,0.0,1.0,0.0,0.179381553768574,0.3076923076923077,1.0,0.16666666666666666,2.487073861460882,
