usid,format_complete,readable,customer_speak,small,independent,word_sparse,sentence_sparse,easy_language,comp_total,expert_rating
P1-5,0.0,0.1655555555555555,0.7058823529411765,0.0,0.2034105267064804,0.0,-0.0,0.2826086956521739,1.0748484352032124,
P1-1,0.0,0.1058333333333333,1.0,0.0,0.6859256283630741,0.0,0.0,0.3333333333333333,1.7917589616964076,
P1-4,0.0,0.0,1.0,0.0,0.2244379699119568,0.1538461538461538,0.5,0.0,1.8782841237581107,
P1-3,0.0,0.0,1.0,0.0,0.191685357308283,0.0769230769230769,1.0,0.0,2.26860843423136,
P1-2,0.0,0.0,0.8333333333333334,0.0,0.179381553768574,0.3076923076923077,1.0,0.1666666666666666,2.320407194794215,
